﻿{
  "Serilog": {
    "Using": [
      "Serilog.Sinks.Console",
      "Serilog.Sinks.File"
    ],
    "MinimumLevel": {
      "Default": "Information",
      "Override": {
        "Microsoft": "Information",
        "Microsoft.AspNetCore": "Warning",
        "Volo.Abp": "Warning",
        "Serilog.AspNetCore": "Warning",
        "Microsoft.EntityFrameworkCore": "Warning"
      }
    },
    "WriteTo": [
      {
        "Name": "Console"
      },
      {
        "Name": "File",
        "Args": {
          "path": "Logs/logs-.txt",
          "rollingInterval": "Day"
        }
      }
    ]
  }
}



