{
  "culture": "es",
  "texts": {
    "Menu:Home": "Inicio",
    "Welcome": "Bienvenido",
    "LongWelcomeMessage": "Bienvenido a la aplicación, este es un proyecto base basado en el framework ABP. Para más información, visita abp.io.",
    "Permission:SettingManagementPermissions": "SettingManagementPermissions",
    "Permission:IdentitySetting": "IdentitySetting",
    "Permission:AccountSetting": "AccountSetting",
    "Permission:Create": "Create",
    "Permission:Update": "Update",
    "Permission:Delete": "Delete",
    "Permission:Enable": "Enable"
  }
}