{
    "culture": "zh-Hans",
  "texts": {
    "Menu:Home": "首页",
    "Welcome": "欢迎",
    "LongWelcomeMessage": "欢迎来到该应用程序. 这是一个基于ABP框架的启动项目. 有关更多信息, 请访问 abp.io.",
    "Permission:SettingManagementPermissions": "系统设置",
    "Permission:IdentitySetting": "身份标识管理",
    "Permission:AccountSetting": "账户管理",
    "Permission:Create": "创建",
    "Permission:Update": "更新",
    "Permission:Delete": "删除",
    "Permission:Enable": "启用",
    "Permission:FileSetting": "文件管理"
  }
  }